{"cameraMode":{"drawMode":0,"name":"Shaded","section":"Shading Mode"},"sceneLighting":true,"audioPlay":false,"sceneViewState":{"m_AlwaysRefresh":false,"showFog":true,"showSkybox":true,"showFlares":true,"showImageEffects":true,"showParticleSystems":true,"showVisualEffectGraphs":true,"m_FxEnabled":true},"in2DMode":false,"pivot":{"x":-0.22306863963603974,"y":-0.08017158508300781,"z":0.31331756711006167},"rotation":{"x":0.7007728815078735,"y":0.0006398650002665818,"z":-0.0006285530980676413,"w":0.7133845686912537},"size":8.09911823272705,"orthographic":false}